{"train_loss": 0.07429114555895136, "eval_loss": 0.03743399679660797, "accuracy": 0.9901345291479821}