{"train_loss": 0.06904253038929983, "eval_loss": 0.035686153918504715, "accuracy": 0.9910313901345291}