{"train_loss": 10.914115905761719, "eval_loss": 8.828638076782227, "accuracy": 0.0}