{"train_loss": 1.5045180082321168, "eval_loss": 1.3456729650497437, "accuracy": 0.7}